{
  "items": [
    {
      "type": "group",
      "ctime": 1683079884289,
      "items": [
        {
          "type": "search",
          "title": "tag:#person",
          "query": "tag:#person",
          "ctime": 1680572630991
        },
        {
          "type": "search",
          "title": "tag:#institution",
          "query": "tag:#institution",
          "ctime": 1680572630991
        },
        {
          "type": "search",
          "title": "tag:#event",
          "query": "tag:#event",
          "ctime": 1680572630991
        },
        {
          "type": "search",
          "title": "tag:#analysis",
          "query": "tag:#analysis",
          "ctime": 1680572630991
        }
      ],
      "title": "Tags"
    },
    {
      "type": "file",
      "path": "1 primary/Published/DCH sources/murillovelarde1791 (text)/L1/MurilloVelarde_1791-L1-T41.md",
      "ctime": 1680572630991
    },
    {
      "type": "file",
      "path": "1 primary/Published/DCH sources/murillovelarde1791 (text)/L1/MurilloVelarde_1791-L1-T00.md",
      "ctime": 1680572630991
    },
    {
      "type": "group",
      "ctime": 1683079931008,
      "items": [
        {
          "type": "file",
          "path": "3 notes/Visitas Tomás López (1560).md",
          "ctime": 1680572630991
        }
      ],
      "title": "Visitas"
    },
    {
      "type": "group",
      "ctime": 1683079940317,
      "items": [
        {
          "type": "file",
          "ctime": 1681686128583,
          "path": "1 primary/AHSB/Libro 2/Autos y diligencias/1577-05-09 – Averiguaciones santuarios Auncibay provincia SF.md",
          "subpath": "#M: Cajicá",
          "title": "Gold running out in Cajicá"
        },
        {
          "type": "file",
          "path": "1 primary/AGI/Gobierno/Santafé/AGI SF 534/1569-01-15 – Reply to officiales Nuevo Reino de Granada – AGI SF 534 L3 253r.md",
          "ctime": 1680572630991
        },
        {
          "type": "file",
          "path": "1 primary/AGI/Patronato/AGI Patronato 27/1571-11--- – Memoria de los pueblos indios y sus encomenderos en los términos de la ciudad de Santafé – AGI Patronato 27, r. 25.md",
          "ctime": 1680572630991
        },
        {
          "type": "file",
          "ctime": 1681178843026,
          "path": "1 primary/AGI/Gobierno/Santafé/AGI SF 535/1584-07-31 – King to Zapata to prefer seculars in appointments to benefices — AGI SF 535 L6.md"
        }
      ],
      "title": "Ch. 3"
    },
    {
      "type": "group",
      "ctime": 1683080204080,
      "items": [
        {
          "type": "file",
          "ctime": 1683080185410,
          "path": "1 primary/AGI/Gobierno/Santafé/AGI SF 60/1603-02-24 - Súplica Juan Sanz Hurtado - AGI SF 60 n. 44.md"
        },
        {
          "type": "file",
          "ctime": 1683080215098,
          "path": "1 primary/AGI/Gobierno/Santafé/AGI SF 60/1603-03-12 – Resumen petición Sanz Hurtado — AGI SF 60 n 44b.md"
        },
        {
          "type": "file",
          "ctime": 1683080391015,
          "path": "1 primary/AGI/Gobierno/Santafé/AGI SF 96/1602-04-22 - Juan Sanz Hurtado - AGI SF 96 n 16 f 757-781.md"
        },
        {
          "type": "file",
          "ctime": 1683080435420,
          "path": "1 primary/AGI/Gobierno/Santafé/AGI SF 66/1609-05-18 - Carta corregidor Tunja mentioning Juan Sanz Hurtado - AGI SF 66 n 102.md"
        },
        {
          "type": "file",
          "ctime": 1683080447964,
          "path": "1 primary/ARSI/NR&Q 12 I/1613-06-06 – Carta anua SJ 1611-1612 – ARSI NR-Q 12 I, 61v-108v.md"
        },
        {
          "type": "file",
          "ctime": 1683080501062,
          "path": "1 primary/AGI/Gobierno/Santafé/AGI SF 165/1614-03-07 – Caciques Suba and Tuna on land – AGI SF 165, n.55-55c.md"
        },
        {
          "type": "file",
          "ctime": 1683081260147,
          "path": "1 primary/ARSI/NR&Q 12 I/1613-06-06 – Carta anua SJ 1611-1612 – ARSI NR-Q 12 I, 61v-108v.md",
          "subpath": "#Sanz Hurtado goes on expedition with Dadey",
          "title": "1613-06-06 - Annua 1611-2: Sanz Hurtado goes out with Dadey"
        },
        {
          "type": "file",
          "ctime": 1683081339921,
          "path": "1 primary/AGI/Gobierno/Santafé/AGI SF 226/1602-06-05 – LG sending procurator to court – AGI SF 226, n.84.md"
        },
        {
          "type": "file",
          "ctime": 1683084333927,
          "path": "1 primary/AGI/Escribanía/1618 – Juan Sanz Hurtado on confirmation of office of protector – AGI Escribanía 1020B.md"
        },
        {
          "type": "file",
          "ctime": 1683084528820,
          "path": "1 primary/AGI/Gobierno/Santafé/AGI SF 226/1607-02-15 – LG to King on Sanz Hurtado — AGI SF 226 n 108.md"
        }
      ],
      "title": "Sanz Hurtado"
    }
  ]
}