{
  "obsidian-footnotes:insert-footnote": [
    {
      "modifiers": [
        "Mod"
      ],
      "key": "6"
    }
  ],
  "obsidian-zotero-desktop-connector:zdc-exp-Create Research Note": [
    {
      "modifiers": [
        "Mod"
      ],
      "key": "R"
    }
  ],
  "templater-obsidian:meta/templater/extract research note from selection.md": [
    {
      "modifiers": [
        "Ctrl"
      ],
      "key": "Z"
    }
  ],
  "obsidian-zotero-desktop-connector:zdc-exp-Create research note": [
    {
      "modifiers": [
        "Mod"
      ],
      "key": "R"
    }
  ],
  "quickadd:choice:61098618-b73a-485d-9e0f-2afe35ad8d5e": [
    {
      "modifiers": [
        "Ctrl"
      ],
      "key": "S"
    }
  ],
  "quickadd:choice:91ce393a-1490-464d-9818-27eea6254780": [
    {
      "modifiers": [
        "Ctrl"
      ],
      "key": "N"
    }
  ],
  "quickadd:choice:74094e01-078c-4999-9f1f-2cf4f7bcdd55": [
    {
      "modifiers": [
        "Ctrl"
      ],
      "key": "L"
    }
  ],
  "editor:toggle-strikethrough": [
    {
      "modifiers": [
        "Ctrl"
      ],
      "key": "H"
    },
    {
      "modifiers": [],
      "key": "F10"
    },
    {
      "modifiers": [
        "Mod"
      ],
      "key": "0"
    }
  ],
  "editor:toggle-comments": [
    {
      "modifiers": [
        "Mod"
      ],
      "key": "9"
    },
    {
      "modifiers": [],
      "key": "F9"
    }
  ],
  "highlightr-plugin:Blue": [
    {
      "modifiers": [
        "Shift"
      ],
      "key": "F8"
    }
  ],
  "highlightr-plugin:Red": [
    {
      "modifiers": [],
      "key": "F9"
    }
  ],
  "highlightr-plugin:Yellow": [
    {
      "modifiers": [],
      "key": "F8"
    }
  ],
  "templater-obsidian:meta/templater/primary source transcription.md": [
    {
      "modifiers": [
        "Alt",
        "Mod"
      ],
      "key": "`"
    }
  ],
  "editor:toggle-highlight": [
    {
      "modifiers": [],
      "key": "F8"
    },
    {
      "modifiers": [
        "Mod"
      ],
      "key": "8"
    }
  ],
  "workspace:split-vertical": [
    {
      "modifiers": [
        "Alt"
      ],
      "key": "T"
    }
  ],
  "templater-obsidian:meta/templater/extract bibliography task from selection.md": [],
  "workspace:split-horizontal": [
    {
      "modifiers": [
        "Alt",
        "Shift"
      ],
      "key": "T"
    }
  ],
  "obsidian-outliner:unfold": [],
  "obsidian-outliner:fold": [],
  "extract-highlights-plugin:shortcut-highlight-sentence": [],
  "templater-obsidian:replace-in-file-templater": [],
  "editor:insert-link": [],
  "workspace:goto-tab-1": [],
  "workspace:goto-tab-2": [],
  "workspace:goto-tab-3": [],
  "workspace:goto-tab-4": [],
  "workspace:goto-tab-5": [],
  "workspace:goto-tab-6": [],
  "workspace:goto-tab-7": [],
  "workspace:goto-tab-8": [],
  "pane-relief:put-6th": [],
  "pane-relief:go-6th": [],
  "workspace:goto-last-tab": [],
  "extract-highlights-plugin:shortcut-extract-highlights": []
}