{
  "items": [
    {
      "type": "search",
      "title": "tag:#source/secondary",
      "query": "tag:#source/secondary"
    },
    {
      "type": "search",
      "title": "tag:#source/primary",
      "query": "tag:#source/primary"
    },
    {
      "type": "search",
      "title": "tag:#analysis",
      "query": "tag:#analysis"
    },
    {
      "type": "search",
      "title": "tag:#person",
      "query": "tag:#person"
    },
    {
      "type": "search",
      "title": "tag:#work",
      "query": "tag:#work"
    },
    {
      "type": "search",
      "title": "tag:#institution",
      "query": "tag:#institution"
    },
    {
      "type": "search",
      "title": "tag:#event",
      "query": "tag:#event"
    },
    {
      "type": "file",
      "title": "Things left to do on the project",
      "path": "1. Notes/to do.md"
    },
    {
      "type": "file",
      "title": "Visitas Tomás López (1560)",
      "path": "3 notes/Visitas Tomás López (1560).md"
    },
    {
      "type": "file",
      "title": "MurilloVelarde_1791-L1-T41",
      "path": "1 primary/Published/DCH sources/murillovelarde1791 (text)/L1/MurilloVelarde_1791-L1-T41.md"
    },
    {
      "type": "file",
      "title": "MurilloVelarde_1791-L1-T00",
      "path": "1 primary/Published/DCH sources/murillovelarde1791 (text)/L1/MurilloVelarde_1791-L1-T00.md"
    },
    {
      "type": "file",
      "title": "1569-01-15 – Reply to officiales Nuevo Reino de Granada – AGI SF 534 L3 253r",
      "path": "1 primary/AGI/Gobierno/Santafé/AGI SF 534/1569-01-15 – Reply to officiales Nuevo Reino de Granada – AGI SF 534 L3 253r.md"
    },
    {
      "type": "file",
      "title": "1571-11--- – Memoria de los pueblos indios y sus encomenderos en los términos de la ciudad de Santafé – AGI Patronato 27, r. 25",
      "path": "1 primary/AGI/Patronato/AGI Patronato 27/1571-11--- – Memoria de los pueblos indios y sus encomenderos en los términos de la ciudad de Santafé – AGI Patronato 27, r. 25.md"
    }
  ]
}