{"history":{"2023-01-31":{"words":317,"characters":2277,"sentences":3,"files":3181,"totalWords":4855587,"totalCharacters":27467439,"totalSentences":322581},"2023-02-02":{"words":0,"characters":0,"sentences":0,"files":0,"totalWords":4855587,"totalCharacters":27467678,"totalSentences":322581},"2023-02-04":{"words":0,"characters":0,"sentences":0,"files":0,"totalWords":4855587,"totalCharacters":27467678,"totalSentences":322581},"2023-02-05":{"words":3997,"characters":26387,"sentences":223,"files":3183,"totalWords":4859586,"totalCharacters":27494068,"totalSentences":322806},"2023-02-07":{"words":419,"characters":2350,"sentences":6,"files":3183,"totalWords":4859947,"totalCharacters":27495961,"totalSentences":322810},"2023-02-09":{"words":0,"characters":0,"sentences":0,"files":0,"totalWords":4859947,"totalCharacters":27495961,"totalSentences":322810},"2023-02-12":{"words":7568,"characters":48028,"sentences":339,"files":3186,"totalWords":4869147,"totalCharacters":27554122,"totalSentences":323205},"2023-02-14":{"words":0,"characters":0,"sentences":0,"files":0,"totalWords":4869147,"totalCharacters":27553817,"totalSentences":323205},"2023-02-15":{"words":0,"characters":0,"sentences":0,"files":0,"totalWords":4869147,"totalCharacters":27553794,"totalSentences":323205},"2023-02-17":{"words":0,"characters":0,"sentences":0,"files":0,"totalWords":4869147,"totalCharacters":27553794,"totalSentences":323205},"2023-02-18":{"words":0,"characters":0,"sentences":0,"files":0,"totalWords":4869147,"totalCharacters":27553794,"totalSentences":323205},"2023-02-20":{"words":5401,"characters":35713,"sentences":301,"files":3190,"totalWords":4874550,"totalCharacters":27589450,"totalSentences":323509},"2023-02-21":{"words":1259,"characters":8157,"sentences":67,"files":3190,"totalWords":4875809,"totalCharacters":27597610,"totalSentences":323576},"2023-02-22":{"words":0,"characters":0,"sentences":0,"files":0,"totalWords":4875809,"totalCharacters":27597610,"totalSentences":323576},"2023-02-23":{"words":106,"characters":509,"sentences":2,"files":3191,"totalWords":4890270,"totalCharacters":27676791,"totalSentences":323854},"2023-02-24":{"words":0,"characters":0,"sentences":0,"files":0,"totalWords":4890270,"totalCharacters":27676791,"totalSentences":323854},"2023-02-25":{"words":0,"characters":0,"sentences":0,"files":0,"totalWords":4890270,"totalCharacters":27676791,"totalSentences":323854},"2023-02-26":{"words":5319,"characters":36304,"sentences":299,"files":3194,"totalWords":4895592,"totalCharacters":27713102,"totalSentences":324156},"2023-02-27":{"words":0,"characters":0,"sentences":0,"files":0,"totalWords":4895592,"totalCharacters":27713102,"totalSentences":324156},"2023-02-28":{"words":0,"characters":0,"sentences":0,"files":0,"totalWords":4895592,"totalCharacters":27713102,"totalSentences":324156},"2023-03-03":{"words":1838,"characters":12388,"sentences":103,"files":3197,"totalWords":4897391,"totalCharacters":27725269,"totalSentences":324257},"2023-03-04":{"words":809,"characters":5442,"sentences":44,"files":3198,"totalWords":4898201,"totalCharacters":27730715,"totalSentences":324302},"2023-03-05":{"words":931,"characters":6047,"sentences":48,"files":3198,"totalWords":4899133,"totalCharacters":27736759,"totalSentences":324351},"2023-03-07":{"words":0,"characters":0,"sentences":0,"files":3198,"totalWords":4899133,"totalCharacters":27736560,"totalSentences":324351},"2023-03-09":{"words":5281,"characters":31581,"sentences":168,"files":3203,"totalWords":4904775,"totalCharacters":27770594,"totalSentences":324540},"2023-03-10":{"words":14351,"characters":86018,"sentences":352,"files":3212,"totalWords":4919150,"totalCharacters":27857128,"totalSentences":324906},"2023-03-11":{"words":3690,"characters":21427,"sentences":87,"files":3215,"totalWords":4922894,"totalCharacters":27879011,"totalSentences":324997},"2023-03-12":{"words":1162,"characters":6918,"sentences":43,"files":3218,"totalWords":4934123,"totalCharacters":27949582,"totalSentences":325338},"2023-03-13":{"words":0,"characters":0,"sentences":0,"files":0,"totalWords":4934157,"totalCharacters":27949795,"totalSentences":325342},"2023-03-14":{"words":914,"characters":11919,"sentences":10,"files":3220,"totalWords":4935041,"totalCharacters":27961460,"totalSentences":325355},"2023-03-15":{"words":1870,"characters":17849,"sentences":89,"files":3221,"totalWords":4937234,"totalCharacters":27980472,"totalSentences":325462},"2023-03-16":{"words":0,"characters":0,"sentences":0,"files":0,"totalWords":4937234,"totalCharacters":27980472,"totalSentences":325462},"2023-03-17":{"words":252,"characters":1506,"sentences":4,"files":3223,"totalWords":4937570,"totalCharacters":27982365,"totalSentences":325447},"2023-03-19":{"words":0,"characters":0,"sentences":0,"files":0,"totalWords":4937570,"totalCharacters":27982365,"totalSentences":325447},"2023-03-27":{"words":0,"characters":1,"sentences":0,"files":3223,"totalWords":4937622,"totalCharacters":27982648,"totalSentences":325448},"2023-03-28":{"words":85,"characters":591,"sentences":7,"files":3223,"totalWords":4937707,"totalCharacters":27983238,"totalSentences":325455},"2023-03-29":{"words":0,"characters":0,"sentences":0,"files":0,"totalWords":4937709,"totalCharacters":27983239,"totalSentences":325456},"2023-03-30":{"words":874,"characters":5182,"sentences":34,"files":3225,"totalWords":4938584,"totalCharacters":27988445,"totalSentences":325488},"2023-04-01":{"words":296,"characters":1864,"sentences":2,"files":3225,"totalWords":4938880,"totalCharacters":27990314,"totalSentences":325489},"2023-04-03":{"words":0,"characters":0,"sentences":0,"files":0,"totalWords":4938880,"totalCharacters":27990314,"totalSentences":325489},"2023-04-06":{"words":0,"characters":0,"sentences":0,"files":0,"totalWords":0,"totalCharacters":0,"totalSentences":0},"2023-04-09":{"words":0,"characters":1,"sentences":0,"files":3225,"totalWords":4938869,"totalCharacters":27990236,"totalSentences":325485},"2023-04-10":{"words":1911,"characters":10849,"sentences":26,"files":3233,"totalWords":4940955,"totalCharacters":28002693,"totalSentences":325528},"2023-04-11":{"words":10,"characters":33,"sentences":0,"files":3233,"totalWords":4940993,"totalCharacters":28002729,"totalSentences":325527},"2023-04-16":{"words":1073,"characters":6502,"sentences":36,"files":3301,"totalWords":4959089,"totalCharacters":28106207,"totalSentences":325878},"2023-04-17":{"words":1,"characters":15,"sentences":0,"files":3301,"totalWords":4988247,"totalCharacters":28269247,"totalSentences":326381},"2023-04-18":{"words":141,"characters":859,"sentences":3,"files":3302,"totalWords":4988423,"totalCharacters":28270364,"totalSentences":326386},"2023-04-20":{"words":0,"characters":0,"sentences":0,"files":0,"totalWords":4988423,"totalCharacters":28270364,"totalSentences":326386},"2023-04-22":{"words":0,"characters":0,"sentences":0,"files":3303,"totalWords":4988423,"totalCharacters":28270364,"totalSentences":326386},"2023-04-23":{"words":2949,"characters":15418,"sentences":21,"files":3305,"totalWords":4991437,"totalCharacters":28286256,"totalSentences":326409},"2023-04-24":{"words":2,"characters":17,"sentences":0,"files":3306,"totalWords":4991439,"totalCharacters":28285974,"totalSentences":326410},"2023-04-25":{"words":0,"characters":0,"sentences":0,"files":0,"totalWords":4991439,"totalCharacters":28285974,"totalSentences":326410},"2023-04-27":{"words":72,"characters":449,"sentences":3,"files":3307,"totalWords":4991513,"totalCharacters":28286427,"totalSentences":326416},"2023-04-28":{"words":0,"characters":0,"sentences":0,"files":0,"totalWords":4991543,"totalCharacters":28286618,"totalSentences":326416},"2023-04-30":{"words":0,"characters":7,"sentences":1,"files":3307,"totalWords":4991543,"totalCharacters":28286626,"totalSentences":326417},"2023-05-01":{"words":0,"characters":0,"sentences":0,"files":0,"totalWords":4991543,"totalCharacters":28286626,"totalSentences":326417},"2023-05-02":{"words":3290,"characters":18454,"sentences":77,"files":3309,"totalWords":5001873,"totalCharacters":28345239,"totalSentences":326465,"totalFootnotes":76,"totalCitations":1,"totalPages":16676.900000000176},"2023-05-04":{"words":15,"characters":103,"sentences":1,"pages":0,"files":3312,"footnotes":0,"citations":0,"totalWords":5002667,"totalCharacters":28349724,"totalSentences":326480,"totalFootnotes":789,"totalCitations":714,"totalPages":16679.49999999996},"2023-05-05":{"words":0,"characters":0,"sentences":0,"pages":0,"files":0,"footnotes":0,"citations":0,"totalWords":5002672,"totalCharacters":28349764,"totalSentences":326480,"totalFootnotes":76,"totalCitations":1,"totalPages":16679.49999999996},"2023-05-07":{"words":10,"characters":66,"sentences":0,"pages":0.10000000000000003,"files":3312,"footnotes":0,"citations":0,"totalWords":5002684,"totalCharacters":28349831,"totalSentences":326480,"totalFootnotes":76,"totalCitations":1,"totalPages":16679.600000000155},"2023-05-08":{"words":11440,"characters":65834,"sentences":233,"pages":38.099999999999994,"files":3317,"footnotes":1,"citations":0,"totalWords":5014163,"totalCharacters":28415977,"totalSentences":326719,"totalFootnotes":77,"totalCitations":1,"totalPages":16717.80000000017},"2023-05-09":{"words":1484,"characters":8280,"sentences":17,"pages":5,"files":3320,"footnotes":0,"citations":0,"totalWords":5015695,"totalCharacters":28424619,"totalSentences":326741,"totalFootnotes":77,"totalCitations":1,"totalPages":16723.000000000167},"2023-05-14":{"words":499,"characters":2790,"sentences":14,"pages":1.7,"files":3322,"footnotes":0,"citations":0,"totalWords":5016247,"totalCharacters":28427858,"totalSentences":326761,"totalFootnotes":1743,"totalCitations":1667,"totalPages":16724.899999999936},"2023-05-15":{"words":0,"characters":0,"sentences":0,"pages":0,"files":3322,"footnotes":0,"citations":0,"totalWords":5016247,"totalCharacters":28427859,"totalSentences":326761,"totalFootnotes":77,"totalCitations":1,"totalPages":16724.900000000176},"2023-05-17":{"words":2492,"characters":13921,"sentences":23,"pages":8.299999999999999,"files":3330,"footnotes":0,"citations":0,"totalWords":5017811,"totalCharacters":28437109,"totalSentences":326794,"totalFootnotes":77,"totalCitations":1,"totalPages":16730.099999999955},"2023-05-20":{"words":30,"characters":198,"sentences":1,"pages":0.09999999999999998,"files":3330,"footnotes":0,"citations":0,"totalWords":5017841,"totalCharacters":28437308,"totalSentences":326795,"totalFootnotes":77,"totalCitations":1,"totalPages":16730.20000000018},"2023-05-21":{"words":0,"characters":17,"sentences":0,"pages":0,"files":3330,"footnotes":0,"citations":0,"totalWords":5017840,"totalCharacters":28437335,"totalSentences":326790,"totalFootnotes":77,"totalCitations":1,"totalPages":16730.200000000183},"2023-05-22":{"words":0,"characters":10,"sentences":0,"pages":0,"files":3330,"footnotes":0,"citations":0,"totalWords":5017840,"totalCharacters":28437354,"totalSentences":326786,"totalFootnotes":77,"totalCitations":1,"totalPages":16730.200000000183},"2023-05-23":{"words":0,"characters":0,"sentences":0,"pages":0,"files":0,"footnotes":0,"citations":0,"totalWords":5017840,"totalCharacters":28437354,"totalSentences":326786,"totalFootnotes":77,"totalCitations":1,"totalPages":16730.200000000183},"2023-05-28":{"words":10,"characters":90,"sentences":0,"pages":0.10000000000000009,"files":3331,"footnotes":0,"citations":0,"totalWords":5017876,"totalCharacters":28437681,"totalSentences":326778,"totalFootnotes":2802,"totalCitations":2726,"totalPages":16730.399999999972},"2023-06-01":{"words":0,"characters":0,"sentences":0,"pages":0,"files":0,"footnotes":0,"citations":0,"totalWords":5017876,"totalCharacters":28437679,"totalSentences":326778,"totalFootnotes":77,"totalCitations":1,"totalPages":16730.40000000018},"2023-06-04":{"words":3568,"characters":20313,"sentences":83,"pages":11.7,"files":3335,"footnotes":0,"citations":0,"totalWords":5021490,"totalCharacters":28458339,"totalSentences":326866,"totalFootnotes":84351,"totalCitations":84275,"totalPages":16742.30000000016},"2023-06-05":{"words":11757,"characters":66549,"sentences":340,"pages":39,"files":3338,"footnotes":0,"citations":0,"totalWords":5029515,"totalCharacters":28508734,"totalSentences":327071,"totalFootnotes":11738,"totalCitations":11662,"totalPages":16772.000000000167},"2023-06-06":{"words":639,"characters":3772,"sentences":8,"pages":2,"files":3336,"footnotes":0,"citations":0,"totalWords":5027594,"totalCharacters":28492994,"totalSentences":326968,"totalFootnotes":77,"totalCitations":1,"totalPages":16762.500000000182},"2023-06-07":{"words":46,"characters":291,"sentences":0,"pages":0.20000000000000007,"files":3335,"footnotes":0,"citations":0,"totalWords":5027642,"totalCharacters":28493301,"totalSentences":326968,"totalFootnotes":77,"totalCitations":1,"totalPages":16762.700000000183},"2023-06-09":{"words":0,"characters":0,"sentences":0,"pages":0,"files":3339,"footnotes":0,"citations":0,"totalWords":5030359,"totalCharacters":28509396,"totalSentences":327063,"totalFootnotes":189,"totalCitations":113,"totalPages":16771.699999999946},"2023-06-11":{"words":5108,"characters":28883,"sentences":103,"pages":16.9,"files":3341,"footnotes":0,"citations":0,"totalWords":5034272,"totalCharacters":28531910,"totalSentences":327163,"totalFootnotes":5400,"totalCitations":5298,"totalPages":16784.800000000192},"2023-06-12":{"words":8321,"characters":47597,"sentences":156,"pages":27.699999999999996,"files":3347,"footnotes":0,"citations":0,"totalWords":5040972,"totalCharacters":28570413,"totalSentences":327310,"totalFootnotes":41603,"totalCitations":41527,"totalPages":16807.400000000187},"2023-06-13":{"words":5284,"characters":29811,"sentences":110,"pages":17.599999999999998,"files":3353,"footnotes":0,"citations":0,"totalWords":5045522,"totalCharacters":28596435,"totalSentences":327422,"totalFootnotes":77,"totalCitations":1,"totalPages":16822.50000000017},"2023-06-14":{"words":240,"characters":2104,"sentences":4,"pages":0.8000000000000009,"files":3418,"footnotes":0,"citations":0,"totalWords":5110607,"totalCharacters":28951909,"totalSentences":329109,"totalFootnotes":1058,"totalCitations":982,"totalPages":17039.300000000167},"2023-06-15":{"words":0,"characters":0,"sentences":0,"pages":0,"files":0,"footnotes":0,"citations":0,"totalWords":5110608,"totalCharacters":28951914,"totalSentences":329110,"totalFootnotes":77,"totalCitations":1,"totalPages":17039.30000000017},"2023-06-16":{"words":1,"characters":0,"sentences":0,"pages":0,"files":3418,"footnotes":0,"citations":0,"totalWords":5110609,"totalCharacters":28951907,"totalSentences":329110,"totalFootnotes":77,"totalCitations":1,"totalPages":17039.30000000017},"2023-06-18":{"words":0,"characters":0,"sentences":0,"pages":0,"files":0,"footnotes":0,"citations":0,"totalWords":5110609,"totalCharacters":28951907,"totalSentences":329110,"totalFootnotes":77,"totalCitations":1,"totalPages":17039.300000000167},"2023-06-19":{"words":58,"characters":351,"sentences":5,"pages":0.10000000000000142,"files":3418,"footnotes":0,"citations":0,"totalWords":5110666,"totalCharacters":28952251,"totalSentences":329115,"totalFootnotes":77,"totalCitations":1,"totalPages":17039.400000000165},"2023-06-20":{"words":33,"characters":377,"sentences":0,"pages":0,"files":3418,"footnotes":0,"citations":0,"totalWords":5110698,"totalCharacters":28952655,"totalSentences":329097,"totalFootnotes":313,"totalCitations":237,"totalPages":17039.300000000167},"2023-06-21":{"words":18,"characters":95,"sentences":0,"pages":0.10000000000000142,"files":3418,"footnotes":0,"citations":0,"totalWords":5110716,"totalCharacters":28952752,"totalSentences":329096,"totalFootnotes":1247,"totalCitations":1171,"totalPages":17039.400000000165},"2023-06-22":{"words":640,"characters":3486,"sentences":55,"pages":2,"files":3427,"footnotes":0,"citations":0,"totalWords":5116727,"totalCharacters":28985275,"totalSentences":329632,"totalFootnotes":77,"totalCitations":1,"totalPages":17059.200000000164},"2023-06-23":{"words":6,"characters":68,"sentences":1,"pages":0,"files":3428,"footnotes":0,"citations":0,"totalWords":5116760,"totalCharacters":28985582,"totalSentences":329615,"totalFootnotes":77,"totalCitations":1,"totalPages":17059.300000000163},"2023-06-24":{"words":1619,"characters":9638,"sentences":83,"pages":5.3999999999999995,"files":3434,"footnotes":0,"citations":0,"totalWords":5119031,"totalCharacters":28999376,"totalSentences":329768,"totalFootnotes":29813,"totalCitations":29737,"totalPages":17066.900000000158},"2023-06-25":{"words":4,"characters":29,"sentences":0,"pages":0,"files":3434,"footnotes":0,"citations":0,"totalWords":5119035,"totalCharacters":28999433,"totalSentences":329766,"totalFootnotes":77,"totalCitations":1,"totalPages":17066.900000000165},"2023-06-26":{"words":2685,"characters":18313,"sentences":12,"pages":8.899999999999999,"files":3434,"footnotes":0,"citations":0,"totalWords":5119105,"totalCharacters":28999835,"totalSentences":329768,"totalFootnotes":77,"totalCitations":1,"totalPages":17067.100000000162},"2023-06-27":{"words":0,"characters":1,"sentences":0,"pages":0,"files":3434,"footnotes":0,"citations":0,"totalWords":5119104,"totalCharacters":28999833,"totalSentences":329768,"totalFootnotes":77,"totalCitations":1,"totalPages":17067.100000000162},"2023-06-28":{"words":0,"characters":0,"sentences":0,"pages":0,"files":3434,"footnotes":0,"citations":0,"totalWords":5119104,"totalCharacters":28999835,"totalSentences":329767,"totalFootnotes":77,"totalCitations":1,"totalPages":17067.10000000017},"2023-06-29":{"words":892,"characters":5592,"sentences":34,"pages":2.9,"files":3435,"footnotes":0,"citations":0,"totalWords":5119996,"totalCharacters":29005429,"totalSentences":329801,"totalFootnotes":118902,"totalCitations":118826,"totalPages":17070.000000000146},"2023-07-01":{"words":0,"characters":0,"sentences":0,"pages":0,"files":0,"footnotes":0,"citations":0,"totalWords":5267942,"totalCharacters":29846302,"totalSentences":332971,"totalFootnotes":78,"totalCitations":1,"totalPages":17563.20000000017},"2023-07-03":{"words":0,"characters":0,"sentences":0,"pages":0,"files":0,"footnotes":0,"citations":0,"totalWords":5267942,"totalCharacters":29846306,"totalSentences":332971,"totalFootnotes":78,"totalCitations":1,"totalPages":17563.200000000197},"2023-08-05":{"words":0,"characters":0,"sentences":0,"pages":0,"files":0,"footnotes":0,"citations":0,"totalWords":5267942,"totalCharacters":29846306,"totalSentences":332971,"totalFootnotes":78,"totalCitations":1,"totalPages":17563.200000000186},"2023-08-16":{"words":0,"characters":0,"sentences":0,"pages":0,"files":0,"footnotes":0,"citations":0,"totalWords":5267942,"totalCharacters":29846306,"totalSentences":332971,"totalFootnotes":78,"totalCitations":1,"totalPages":17563.200000000194},"2023-09-06":{"words":0,"characters":0,"sentences":0,"pages":0,"files":0,"footnotes":0,"citations":0,"totalWords":5267942,"totalCharacters":29846306,"totalSentences":332971,"totalFootnotes":78,"totalCitations":1,"totalPages":17563.200000000186},"2023-12-07":{"words":0,"characters":0,"sentences":0,"pages":0,"files":3436,"footnotes":0,"citations":0,"totalWords":5267930,"totalCharacters":29846154,"totalSentences":332969,"totalFootnotes":78,"totalCitations":1,"totalPages":17563.09999999998},"2023-12-11":{"words":0,"characters":0,"sentences":0,"pages":0,"files":0,"footnotes":0,"citations":0,"totalWords":5267930,"totalCharacters":29846154,"totalSentences":332969,"totalFootnotes":78,"totalCitations":1,"totalPages":17563.100000000002},"2023-12-13":{"words":0,"characters":0,"sentences":0,"pages":0,"files":0,"footnotes":0,"citations":0,"totalWords":5267930,"totalCharacters":29846154,"totalSentences":332969,"totalFootnotes":78,"totalCitations":1,"totalPages":17563.100000000184},"2023-12-15":{"words":0,"characters":0,"sentences":0,"pages":0,"files":0,"footnotes":0,"citations":0,"totalWords":5267930,"totalCharacters":29846154,"totalSentences":332969,"totalFootnotes":78,"totalCitations":1,"totalPages":17563.100000000184},"2023-12-19":{"words":418,"characters":2347,"sentences":24,"pages":1.3,"files":674,"footnotes":0,"citations":0,"totalWords":46510,"totalCharacters":317301,"totalSentences":1630,"totalFootnotes":0,"totalCitations":0,"totalPages":158.99999999999977},"2024-02-01":{"words":1,"characters":21,"sentences":1,"pages":0,"files":41,"footnotes":0,"citations":0,"totalWords":5965,"totalCharacters":40370,"totalSentences":234,"totalFootnotes":60,"totalCitations":60,"totalPages":20},"2024-02-02":{"words":0,"characters":0,"sentences":0,"pages":0,"files":0,"footnotes":0,"citations":0,"totalWords":5797,"totalCharacters":39189,"totalSentences":228,"totalFootnotes":0,"totalCitations":0,"totalPages":19.4},"2026-02-10":{"words":21,"characters":250,"sentences":0,"pages":0.09999999999999998,"files":38,"footnotes":0,"citations":0,"totalWords":6578,"totalCharacters":45138,"totalSentences":261,"totalFootnotes":0,"totalCitations":0,"totalPages":21.9}},"modifiedFiles":{"4 projects/chapter X/Thoughts for chapter 2.md":{"words":{"initial":133,"current":150},"characters":{"initial":804,"current":901},"sentences":{"initial":7,"current":7},"footnotes":{"initial":0,"current":0},"citations":{"initial":0,"current":0},"pages":{"initial":0.4,"current":0.5}},"9 index/0.1 person/Don Juan, cacique Fontibón.md":{"words":{"initial":1,"current":5},"characters":{"initial":1,"current":31},"sentences":{"initial":1,"current":1},"footnotes":{"initial":0,"current":0},"citations":{"initial":0,"current":0},"pages":{"initial":0,"current":0}},"1 primary/Archive/Fonds/Section/Volume or box/1594-1596 – Juan, Cacique de Fontibón, vs indios de su cacicazgo – AGN CI 9 d 13.md":{"words":{"initial":1132,"current":1132},"characters":{"initial":6086,"current":6088},"sentences":{"initial":15,"current":15},"footnotes":{"initial":0,"current":0},"citations":{"initial":0,"current":0},"pages":{"initial":3.8,"current":3.8}},"README.md":{"words":{"initial":775,"current":758},"characters":{"initial":5752,"current":5873},"sentences":{"initial":34,"current":34},"footnotes":{"initial":0,"current":0},"citations":{"initial":0,"current":0},"pages":{"initial":2.6,"current":2.5}}}}