{
  "workspaces": {
    "Work-with-notes": {
      "main": {
        "id": "219cbc15ce10cc77",
        "type": "split",
        "children": [
          {
            "id": "4cf619fb635e2102",
            "type": "split",
            "children": [
              {
                "id": "620db43e38472110",
                "type": "leaf",
                "dimension": 50.799289520426285,
                "state": {
                  "type": "markdown",
                  "state": {
                    "file": "01 notes/1. cuban film festival cancelled in nyc 1972.md",
                    "mode": "source",
                    "source": false
                  }
                },
                "group": "5c5200aaee1379d4"
              },
              {
                "id": "5c5aacc90727a9ca",
                "type": "split",
                "dimension": 49.200710479573715,
                "children": [
                  {
                    "id": "c35259f8180c09de",
                    "type": "leaf",
                    "dimension": 55.66037735849057,
                    "state": {
                      "type": "localgraph",
                      "state": {
                        "file": "01 notes/1. cuban film festival cancelled in nyc 1972.md",
                        "options": {
                          "collapse-filter": true,
                          "search": "",
                          "localJumps": 1,
                          "localBacklinks": true,
                          "localForelinks": true,
                          "localInterlinks": true,
                          "showTags": false,
                          "showAttachments": false,
                          "hideUnresolved": false,
                          "collapse-color-groups": true,
                          "colorGroups": [
                            {
                              "query": "tag:#source/primary",
                              "color": {
                                "a": 1,
                                "rgb": 14048348
                              }
                            },
                            {
                              "query": "tag:#source/secondary",
                              "color": {
                                "a": 1,
                                "rgb": 15378022
                              }
                            },
                            {
                              "query": "tag:#analysis",
                              "color": {
                                "a": 1,
                                "rgb": 12709480
                              }
                            },
                            {
                              "query": "tag:#whatever",
                              "color": {
                                "a": 1,
                                "rgb": 6084188
                              }
                            },
                            {
                              "query": "tag:#work",
                              "color": {
                                "a": 1,
                                "rgb": 6084269
                              }
                            },
                            {
                              "query": "tag:#person",
                              "color": {
                                "a": 1,
                                "rgb": 6073814
                              }
                            },
                            {
                              "query": "tag:#institution",
                              "color": {
                                "a": 1,
                                "rgb": 6053078
                              }
                            },
                            {
                              "query": "tag:#place",
                              "color": {
                                "a": 1,
                                "rgb": 11361494
                              }
                            },
                            {
                              "query": "tag:#event",
                              "color": {
                                "a": 1,
                                "rgb": 14048429
                              }
                            }
                          ],
                          "collapse-display": true,
                          "showArrow": false,
                          "textFadeMultiplier": 0,
                          "nodeSizeMultiplier": 1,
                          "lineSizeMultiplier": 1,
                          "collapse-forces": true,
                          "centerStrength": 0.518713248970312,
                          "repelStrength": 10,
                          "linkStrength": 1,
                          "linkDistance": 250,
                          "scale": 1.4270094218892415,
                          "close": true
                        }
                      }
                    },
                    "group": "5c5200aaee1379d4"
                  },
                  {
                    "id": "9b9fd40bcf14d5b3",
                    "type": "leaf",
                    "dimension": 44.33962264150943,
                    "state": {
                      "type": "backlink",
                      "state": {
                        "file": "01 notes/1. cuban film festival cancelled in nyc 1972.md",
                        "collapseAll": false,
                        "extraContext": false,
                        "sortOrder": "alphabetical",
                        "showSearch": false,
                        "searchQuery": "",
                        "backlinkCollapsed": false,
                        "unlinkedCollapsed": true
                      }
                    },
                    "group": "5c5200aaee1379d4"
                  }
                ],
                "direction": "horizontal"
              }
            ],
            "direction": "vertical"
          }
        ],
        "direction": "vertical"
      },
      "left": {
        "id": "b306e751a3361498",
        "type": "split",
        "children": [
          {
            "id": "98ef0b9bfc8bd347",
            "type": "tabs",
            "children": [
              {
                "id": "57fd607d940f4ba5",
                "type": "leaf",
                "state": {
                  "type": "file-explorer",
                  "state": {}
                }
              },
              {
                "id": "f0da2abc47a95e75",
                "type": "leaf",
                "state": {
                  "type": "search",
                  "state": {
                    "query": "",
                    "matchingCase": false,
                    "explainSearch": false,
                    "collapseAll": true,
                    "extraContext": false,
                    "sortOrder": "alphabetical"
                  }
                }
              },
              {
                "id": "497ada70ae782199",
                "type": "leaf",
                "state": {
                  "type": "starred",
                  "state": {}
                }
              },
              {
                "id": "2fbbdeeb5d0edf3e",
                "type": "leaf",
                "state": {
                  "type": "tag",
                  "state": {
                    "sortOrder": "frequency",
                    "useHierarchy": true
                  }
                }
              },
              {
                "id": "eb7c25ff1c9b61d3",
                "type": "leaf",
                "state": {
                  "type": "VIEW_TYPE_LONGFORM_EXPLORER",
                  "state": {}
                }
              }
            ]
          }
        ],
        "direction": "horizontal",
        "width": 273
      },
      "right": {
        "id": "d514e81241a11331",
        "type": "split",
        "children": [
          {
            "id": "f1d4eb5a35f354c1",
            "type": "tabs",
            "children": [
              {
                "id": "df7c4ad161ff4851",
                "type": "leaf",
                "state": {
                  "type": "backlink",
                  "state": {
                    "file": "01 notes/1. cuban film festival cancelled in nyc 1972.md",
                    "collapseAll": true,
                    "extraContext": false,
                    "sortOrder": "alphabetical",
                    "showSearch": false,
                    "searchQuery": "",
                    "backlinkCollapsed": false,
                    "unlinkedCollapsed": false
                  }
                }
              },
              {
                "id": "11245eff124b9332",
                "type": "leaf",
                "state": {
                  "type": "outgoing-link",
                  "state": {
                    "file": "01 notes/1. cuban film festival cancelled in nyc 1972.md",
                    "linksCollapsed": false,
                    "unlinkedCollapsed": false
                  }
                }
              },
              {
                "id": "8d29f2ab06c3dab4",
                "type": "leaf",
                "state": {
                  "type": "outline",
                  "state": {
                    "file": "01 notes/1. cuban film festival cancelled in nyc 1972.md"
                  }
                }
              }
            ],
            "currentTab": 2
          }
        ],
        "direction": "horizontal",
        "width": 300,
        "collapsed": true
      },
      "active": "c35259f8180c09de"
    },
    "Search-research-notes": {
      "main": {
        "id": "219cbc15ce10cc77",
        "type": "split",
        "children": [
          {
            "id": "620db43e38472110",
            "type": "leaf",
            "state": {
              "type": "markdown",
              "state": {
                "file": "meta/dataview/Search Research Notes.md",
                "mode": "source",
                "source": false
              }
            }
          }
        ],
        "direction": "vertical"
      },
      "left": {
        "id": "b306e751a3361498",
        "type": "split",
        "children": [
          {
            "id": "98ef0b9bfc8bd347",
            "type": "tabs",
            "children": [
              {
                "id": "57fd607d940f4ba5",
                "type": "leaf",
                "state": {
                  "type": "file-explorer",
                  "state": {}
                }
              },
              {
                "id": "f0da2abc47a95e75",
                "type": "leaf",
                "state": {
                  "type": "search",
                  "state": {
                    "query": "rassegna",
                    "matchingCase": false,
                    "explainSearch": false,
                    "collapseAll": true,
                    "extraContext": false,
                    "sortOrder": "alphabetical"
                  }
                }
              },
              {
                "id": "497ada70ae782199",
                "type": "leaf",
                "state": {
                  "type": "starred",
                  "state": {}
                }
              },
              {
                "id": "2fbbdeeb5d0edf3e",
                "type": "leaf",
                "state": {
                  "type": "tag",
                  "state": {
                    "sortOrder": "frequency",
                    "useHierarchy": true
                  }
                }
              },
              {
                "id": "3675a0669167cade",
                "type": "leaf",
                "state": {
                  "type": "VIEW_TYPE_LONGFORM_EXPLORER",
                  "state": {}
                }
              }
            ]
          }
        ],
        "direction": "horizontal",
        "width": 300,
        "collapsed": true
      },
      "right": {
        "id": "d514e81241a11331",
        "type": "split",
        "children": [
          {
            "id": "f1d4eb5a35f354c1",
            "type": "tabs",
            "children": [
              {
                "id": "df7c4ad161ff4851",
                "type": "leaf",
                "state": {
                  "type": "backlink",
                  "state": {
                    "file": "meta/dataview/Search Research Notes.md",
                    "collapseAll": true,
                    "extraContext": false,
                    "sortOrder": "alphabetical",
                    "showSearch": false,
                    "searchQuery": "",
                    "backlinkCollapsed": false,
                    "unlinkedCollapsed": false
                  }
                }
              },
              {
                "id": "11245eff124b9332",
                "type": "leaf",
                "state": {
                  "type": "outgoing-link",
                  "state": {
                    "file": "meta/dataview/Search Research Notes.md",
                    "linksCollapsed": false,
                    "unlinkedCollapsed": false
                  }
                }
              },
              {
                "id": "8d29f2ab06c3dab4",
                "type": "leaf",
                "state": {
                  "type": "outline",
                  "state": {
                    "file": "meta/dataview/Search Research Notes.md"
                  }
                }
              }
            ],
            "currentTab": 2
          }
        ],
        "direction": "horizontal",
        "width": 300,
        "collapsed": true
      },
      "active": "620db43e38472110"
    },
    "Cobo-default": {
      "main": {
        "id": "219cbc15ce10cc77",
        "type": "split",
        "children": [
          {
            "id": "38b85db003bf33c0",
            "type": "split",
            "children": [
              {
                "id": "d0ea0ccb2521ec6a",
                "type": "leaf",
                "pane-relief:history-v1": {
                  "pos": 0,
                  "stack": [
                    {
                      "leaf": "d0ea0ccb2521ec6a",
                      "group": null,
                      "state": "{\"type\":\"markdown\",\"state\":{\"file\":\"1 primary/AGI/Patronato/AGI Patronato 197/1550-11-10 – Audiencia SF on its establishment – AGI Patronato 197, r.24.md\",\"mode\":\"source\",\"backlinks\":true,\"source\":false}}",
                      "eState": "{\"cursor\":{\"from\":{\"line\":144,\"ch\":979},\"to\":{\"line\":144,\"ch\":979}},\"scroll\":144.07935049019608}"
                    },
                    {
                      "leaf": "d0ea0ccb2521ec6a",
                      "group": null,
                      "state": "{\"type\":\"markdown\",\"state\":{\"file\":\"3 notes/OFM in 1550s.md\",\"mode\":\"source\",\"backlinks\":true,\"source\":false}}",
                      "eState": "{}"
                    }
                  ]
                },
                "state": {
                  "type": "markdown",
                  "state": {
                    "file": "1 primary/AGI/Patronato/AGI Patronato 197/1550-11-10 – Audiencia SF on its establishment – AGI Patronato 197, r.24.md",
                    "mode": "source",
                    "backlinks": true,
                    "source": false
                  }
                }
              },
              {
                "id": "7f2bcfebd16c9337",
                "type": "leaf",
                "pane-relief:history-v1": {
                  "pos": 0,
                  "stack": [
                    {
                      "leaf": "7f2bcfebd16c9337",
                      "group": null,
                      "state": "{\"type\":\"markdown\",\"state\":{\"file\":\"3 notes/OFM in 1550s.md\",\"mode\":\"source\",\"backlinks\":true,\"source\":false}}",
                      "eState": "{\"cursor\":{\"from\":{\"line\":9,\"ch\":159},\"to\":{\"line\":9,\"ch\":47}},\"scroll\":4.155943627450981}"
                    }
                  ]
                },
                "state": {
                  "type": "markdown",
                  "state": {
                    "file": "3 notes/OFM in 1550s.md",
                    "mode": "source",
                    "backlinks": true,
                    "source": false
                  }
                }
              },
              {
                "id": "a7011d639929222b",
                "type": "leaf",
                "pane-relief:history-v1": {
                  "pos": 0,
                  "stack": [
                    {
                      "leaf": "a7011d639929222b",
                      "group": null,
                      "state": "{\"type\":\"markdown\",\"state\":{\"file\":\"1 primary/AGI/Gobierno/Santafé/AGI SF 533/1551-09-04 - RC on favouring OFM - AGI SF 533, lib. 1, fol. 168.md\",\"mode\":\"source\",\"backlinks\":true,\"source\":false}}",
                      "eState": "{\"cursor\":{\"from\":{\"line\":0,\"ch\":3},\"to\":{\"line\":0,\"ch\":3}},\"scroll\":0.0784313725490196}"
                    }
                  ]
                },
                "state": {
                  "type": "markdown",
                  "state": {
                    "file": "1 primary/AGI/Gobierno/Santafé/AGI SF 533/1551-09-04 - RC on favouring OFM - AGI SF 533, lib. 1, fol. 168.md",
                    "mode": "source",
                    "backlinks": true,
                    "source": false
                  }
                }
              }
            ],
            "direction": "horizontal"
          }
        ],
        "direction": "vertical"
      },
      "left": {
        "id": "b306e751a3361498",
        "type": "split",
        "children": [
          {
            "id": "98ef0b9bfc8bd347",
            "type": "tabs",
            "children": [
              {
                "id": "57fd607d940f4ba5",
                "type": "leaf",
                "pane-relief:history-v1": {
                  "pos": 0,
                  "stack": []
                },
                "state": {
                  "type": "file-explorer",
                  "state": {}
                }
              },
              {
                "id": "f0da2abc47a95e75",
                "type": "leaf",
                "pane-relief:history-v1": {
                  "pos": 0,
                  "stack": []
                },
                "state": {
                  "type": "search",
                  "state": {
                    "query": "",
                    "matchingCase": false,
                    "explainSearch": false,
                    "collapseAll": true,
                    "extraContext": false,
                    "sortOrder": "alphabetical"
                  }
                }
              },
              {
                "id": "497ada70ae782199",
                "type": "leaf",
                "pane-relief:history-v1": {
                  "pos": 0,
                  "stack": []
                },
                "state": {
                  "type": "starred",
                  "state": {}
                }
              },
              {
                "id": "2fbbdeeb5d0edf3e",
                "type": "leaf",
                "pane-relief:history-v1": {
                  "pos": 0,
                  "stack": []
                },
                "state": {
                  "type": "tag",
                  "state": {
                    "sortOrder": "frequency",
                    "useHierarchy": true
                  }
                }
              },
              {
                "id": "38b4e51d4850d67b",
                "type": "leaf",
                "pane-relief:history-v1": {
                  "pos": 0,
                  "stack": []
                },
                "state": {
                  "type": "file-tree-view",
                  "state": {}
                }
              }
            ],
            "currentTab": 4
          }
        ],
        "direction": "horizontal",
        "width": 273
      },
      "right": {
        "id": "d514e81241a11331",
        "type": "split",
        "children": [
          {
            "id": "f1d4eb5a35f354c1",
            "type": "tabs",
            "children": [
              {
                "id": "8d29f2ab06c3dab4",
                "type": "leaf",
                "pane-relief:history-v1": {
                  "pos": 0,
                  "stack": []
                },
                "state": {
                  "type": "outline",
                  "state": {
                    "file": "1 primary/AGI/Gobierno/Santafé/AGI SF 533/1551-09-04 - RC on favouring OFM - AGI SF 533, lib. 1, fol. 168.md"
                  }
                }
              }
            ]
          },
          {
            "id": "88b0687657a61edb",
            "type": "tabs",
            "children": [
              {
                "id": "9895d39aba41d84d",
                "type": "leaf",
                "pane-relief:history-v1": {
                  "pos": 0,
                  "stack": []
                },
                "state": {
                  "type": "backlink",
                  "state": {
                    "file": "1 primary/AGI/Gobierno/Santafé/AGI SF 533/1551-09-04 - RC on favouring OFM - AGI SF 533, lib. 1, fol. 168.md",
                    "collapseAll": true,
                    "extraContext": false,
                    "sortOrder": "alphabetical",
                    "showSearch": false,
                    "searchQuery": "",
                    "backlinkCollapsed": false,
                    "unlinkedCollapsed": false
                  }
                }
              },
              {
                "id": "a3010b4bfc587dc2",
                "type": "leaf",
                "pane-relief:history-v1": {
                  "pos": 0,
                  "stack": []
                },
                "state": {
                  "type": "backlink",
                  "state": {
                    "file": "1 primary/AGI/Gobierno/Santafé/AGI SF 533/1551-09-04 - RC on favouring OFM - AGI SF 533, lib. 1, fol. 168.md",
                    "collapseAll": true,
                    "extraContext": false,
                    "sortOrder": "alphabetical",
                    "showSearch": false,
                    "searchQuery": "",
                    "backlinkCollapsed": false,
                    "unlinkedCollapsed": false
                  }
                }
              },
              {
                "id": "df7c4ad161ff4851",
                "type": "leaf",
                "pane-relief:history-v1": {
                  "pos": 0,
                  "stack": []
                },
                "state": {
                  "type": "backlink",
                  "state": {
                    "file": "1 primary/AGI/Gobierno/Santafé/AGI SF 533/1551-09-04 - RC on favouring OFM - AGI SF 533, lib. 1, fol. 168.md",
                    "collapseAll": true,
                    "extraContext": false,
                    "sortOrder": "alphabetical",
                    "showSearch": false,
                    "searchQuery": "",
                    "backlinkCollapsed": false,
                    "unlinkedCollapsed": false
                  }
                }
              }
            ],
            "currentTab": 2
          },
          {
            "id": "68ab21961905d841",
            "type": "tabs",
            "children": [
              {
                "id": "11245eff124b9332",
                "type": "leaf",
                "pane-relief:history-v1": {
                  "pos": 0,
                  "stack": []
                },
                "state": {
                  "type": "outgoing-link",
                  "state": {
                    "file": "1 primary/AGI/Gobierno/Santafé/AGI SF 533/1551-09-04 - RC on favouring OFM - AGI SF 533, lib. 1, fol. 168.md",
                    "linksCollapsed": false,
                    "unlinkedCollapsed": false
                  }
                }
              }
            ]
          },
          {
            "id": "5956b731a1a61fba",
            "type": "tabs",
            "children": [
              {
                "id": "a3edd7fdcddaaff9",
                "type": "leaf",
                "pane-relief:history-v1": {
                  "pos": 0,
                  "stack": []
                },
                "state": {
                  "type": "backlink",
                  "state": {
                    "file": "1 primary/AGI/Gobierno/Santafé/AGI SF 533/1551-09-04 - RC on favouring OFM - AGI SF 533, lib. 1, fol. 168.md",
                    "collapseAll": true,
                    "extraContext": false,
                    "sortOrder": "alphabetical",
                    "showSearch": false,
                    "searchQuery": "",
                    "backlinkCollapsed": false,
                    "unlinkedCollapsed": false
                  }
                }
              }
            ]
          }
        ],
        "direction": "horizontal",
        "width": 300
      },
      "active": "38b4e51d4850d67b",
      "ophidian:layout-settings": {
        "pane-relief:focus-lock": false
      }
    }
  },
  "active": "Cobo-default"
}