{
  "main": {
    "id": "219cbc15ce10cc77",
    "type": "split",
    "children": [
      {
        "id": "ad0882cd938a6797",
        "type": "tabs",
        "children": [
          {
            "id": "9a7315ac6dde233f",
            "type": "leaf",
            "state": {
              "type": "markdown",
              "state": {
                "file": "README.md",
                "mode": "source",
                "source": false,
                "backlinks": false
              },
              "icon": "lucide-file",
              "title": "README"
            }
          }
        ]
      }
    ],
    "direction": "vertical"
  },
  "left": {
    "id": "cc8fdf3f5dc4bee3",
    "type": "split",
    "children": [
      {
        "id": "4c68b18bac67aa69",
        "type": "tabs",
        "children": [
          {
            "id": "42d9ec827145e35b",
            "type": "leaf",
            "state": {
              "type": "file-explorer",
              "state": {
                "sortOrder": "alphabetical",
                "autoReveal": false
              },
              "icon": "lucide-folder-closed",
              "title": "Files"
            }
          },
          {
            "id": "f8246f9a4ec1bb29",
            "type": "leaf",
            "state": {
              "type": "search",
              "state": {
                "query": "AGI SF 226 161",
                "matchingCase": false,
                "explainSearch": true,
                "collapseAll": true,
                "extraContext": false,
                "sortOrder": "alphabetical"
              },
              "icon": "lucide-search",
              "title": "Search"
            }
          },
          {
            "id": "a50c68313e95c8c1",
            "type": "leaf",
            "state": {
              "type": "tag",
              "state": {
                "sortOrder": "frequency",
                "useHierarchy": true,
                "showSearch": false,
                "searchQuery": ""
              },
              "icon": "lucide-tags",
              "title": "Tags"
            }
          },
          {
            "id": "c7900a5e31a5e240",
            "type": "leaf",
            "state": {
              "type": "bookmarks",
              "state": {},
              "icon": "lucide-bookmark",
              "title": "Bookmarks"
            }
          },
          {
            "id": "1446c7193db5d7eb",
            "type": "leaf",
            "state": {
              "type": "file-tree-view",
              "state": {},
              "icon": "sheets-in-box",
              "title": "File Tree"
            }
          }
        ]
      }
    ],
    "direction": "horizontal",
    "width": 420.5
  },
  "right": {
    "id": "428829b02c03952a",
    "type": "split",
    "children": [
      {
        "id": "40c1eb6453b8ac31",
        "type": "tabs",
        "children": [
          {
            "id": "f51698811291e361",
            "type": "leaf",
            "state": {
              "type": "outgoing-link",
              "state": {
                "file": "README.md",
                "linksCollapsed": false,
                "unlinkedCollapsed": true
              },
              "icon": "links-going-out",
              "title": "Outgoing links from README"
            }
          },
          {
            "id": "35b21da0742c3a93",
            "type": "leaf",
            "state": {
              "type": "outline",
              "state": {
                "file": "README.md",
                "followCursor": false,
                "showSearch": false,
                "searchQuery": ""
              },
              "icon": "lucide-list",
              "title": "Outline of README"
            }
          },
          {
            "id": "d0980ec0a98f807a",
            "type": "leaf",
            "state": {
              "type": "all-properties",
              "state": {
                "sortOrder": "frequency",
                "showSearch": false,
                "searchQuery": ""
              },
              "icon": "lucide-archive",
              "title": "All properties"
            }
          },
          {
            "id": "8eb90d67f28a88d2",
            "type": "leaf",
            "state": {
              "type": "todo",
              "state": {},
              "icon": "checkmark",
              "title": "Todo List"
            }
          },
          {
            "id": "e64888882b37794e",
            "type": "leaf",
            "state": {
              "type": "todo",
              "state": {},
              "icon": "checkmark",
              "title": "Todo List"
            }
          },
          {
            "id": "218a1985eb887991",
            "type": "leaf",
            "state": {
              "type": "footnotes",
              "state": {
                "file": "README.md"
              },
              "icon": "lucide-file-signature",
              "title": "Footnotes"
            }
          }
        ],
        "currentTab": 5
      }
    ],
    "direction": "horizontal",
    "width": 302.5,
    "collapsed": true
  },
  "left-ribbon": {
    "hiddenItems": {
      "bases:Create new base": false,
      "switcher:Open quick switcher": false,
      "graph:Open graph view": false,
      "canvas:Create new canvas": false,
      "daily-notes:Open today's daily note": false,
      "templates:Insert template": false,
      "command-palette:Open command palette": false,
      "workspaces:Manage workspace layouts": false,
      "templater-obsidian:Templater": false,
      "file-tree-alternative:File Tree Alternative Plugin": false,
      "table-editor-obsidian:Advanced Tables Toolbar": false,
      "extract-highlights-plugin:Extract Highlights": false,
      "obsidian-statusbar-pomo:Start pomodoro": false,
      "obisidian-note-linker:Note Linker": false,
      "obsidian-focus-mode:Toggle Focus Mode (Shift + Click to show active pane only)": false,
      "omnisearch:Omnisearch": false,
      "markdown-importer:Open format converter": false,
      "zk-prefixer:Create new unique note": false,
      "obsidian-importer:Open Importer": false
    }
  },
  "active": "9a7315ac6dde233f",
  "lastOpenFiles": [
    "9 index/0.2 place/Samacá.md",
    "README.md",
    "1 primary/Archive/Fonds/Section/Index to Fonds Y.md",
    "1 primary/Archive/Fonds/Section/Volume or box/1594-1596 – Juan, Cacique de Fontibón, vs indios de su cacicazgo – AGN CI 9 d 13.md",
    "9 index/0.1 person/Don Juan, cacique Fontibón.md",
    "2 secondary/Kaser2004IusGentium.md",
    "4 projects/chapter X/Thoughts for chapter 2.md",
    "README",
    "3 notes/Visitas.md",
    "3 notes/Epidemics.md",
    "3 notes/Chroniclers.md",
    "3 notes/1555 Tasa.md",
    "READ ME - FORMATTING AND KEYBOARD SHORTCUTS.md",
    "4 projects/chapter X",
    "4 projects",
    "0 system/attachments",
    "3 notes/Corregidores.md",
    "3 notes/Encomiendas.md",
    "9 index/0.2 place/Fontibón.md",
    "9 index/0.1 person/Diego Montañez.md",
    "9 index/0.1 person/Alonso Romero.md",
    "0 system/templater/extract research note from selection.md",
    "0 system/templater/extract bibliography task from selection.md",
    "0 system/dataview/all tasks.md",
    "0 system/dataview/twenty latest notes.md",
    "0 system/templater/primary source transcription.md",
    "1 primary/Archive/Fonds/Section/Volume or box/+Index of Box X.md",
    "9 index/0.1 person/priests/Agustín Dávila Tafur.md",
    "9 index/0.1 person/priests/Adrián González de Cetina.md",
    "9 index/0.1 person/priests/Agustín de la Vega.md",
    "Repository.table",
    "9 index/0.2 place",
    "3 notes/Chapter 3/Chapter 3.canvas",
    "3 notes/Chapter 3/Caciques timeline.canvas",
    "3 notes/1577 Diligencias.canvas",
    "1 primary/AGN/Colecciones/Enrique Ortega Ricaurte/EOR Caciques-Indios",
    "1 primary/AGN/Colecciones/Enrique Ortega Ricaurte",
    "1 primary/AGN/Colecciones",
    "1 primary/AHRB/AHT Wills",
    "1577 Diligencias.canvas",
    "3 notes/Chapter 2/Ch. 2 board.canvas"
  ]
}